,predicted dendrite,real dendrite,ephys predicted creline,ephys me-type predictions,ephys m-type predictions,ephys e-type predictions,specimen_id,morph me-type predictions,morph m-type predictions,morph e-type predictions,ephys and morph me-type predictions,ephys and morph m-type predictions,ephys and morph e-type predictions
0,spiny,spiny,Chrna2-Cre_OE25,ME_Exc_7,Spiny_1,Inh_6,529878215,ME_Exc_13,Spiny_14,Inh_6,ME_Exc_13,Spiny_14,Inh_11
1,spiny,spiny,Chrna2-Cre_OE25,ME_Exc_7,Spiny_1,Inh_6,548459652,ME_Exc_13,Spiny_14,Inh_6,ME_Exc_13,Spiny_14,Inh_4
2,spiny,spiny,Chrna2-Cre_OE25,ME_Exc_7,Spiny_1,Inh_6,569095789,ME_Exc_13,Spiny_14,Inh_6,ME_Exc_13,Spiny_14,Inh_6
3,spiny,spiny,Chrna2-Cre_OE25,ME_Exc_7,Spiny_1,Inh_6,528706755,ME_Exc_13,Spiny_14,Inh_6,ME_Exc_13,Spiny_14,Inh_11
4,spiny,spiny,Chrna2-Cre_OE25,ME_Exc_7,Spiny_1,Inh_6,508279351,ME_Exc_13,Spiny_14,Inh_6,ME_Exc_13,Spiny_14,Inh_11
5,aspiny,aspiny,Chrna2-Cre_OE25,ME_Exc_7,Spiny_1,Exc_1,643582610,ME_Exc_13,Spiny_14,Inh_6,ME_Exc_13,Spiny_14,Inh_4
6,spiny,spiny,Chrna2-Cre_OE25,ME_Exc_7,Spiny_1,Inh_6,530097064,,,,,,
7,spiny,spiny,Chrna2-Cre_OE25,ME_Exc_7,Spiny_1,Inh_6,529909601,,,,,,
8,spiny,spiny,Chrna2-Cre_OE25,ME_Exc_7,Spiny_1,Inh_6,569820026,ME_Exc_13,Spiny_14,Exc_3,ME_Exc_13,Spiny_14,Inh_2
9,spiny,spiny,Chrna2-Cre_OE25,ME_Exc_7,Spiny_1,Inh_6,542137330,ME_Exc_13,Spiny_14,Exc_3,ME_Exc_13,Spiny_14,Inh_2
10,aspiny,sparsely spiny,Chrna2-Cre_OE25,ME_Exc_7,Spiny_1,Exc_1,596887423,ME_Exc_13,Spiny_14,Inh_6,ME_Exc_13,Spiny_14,Inh_11
11,spiny,spiny,Chrna2-Cre_OE25,ME_Exc_7,Spiny_1,Inh_6,548473245,,,,,,
12,spiny,spiny,Chrna2-Cre_OE25,ME_Exc_7,Spiny_1,Inh_6,519877177,,,,,,
13,aspiny,aspiny,Chrna2-Cre_OE25,ME_Exc_7,Spiny_1,Exc_1,643589588,,,,,,
14,spiny,spiny,Chrna2-Cre_OE25,ME_Exc_7,Spiny_1,Inh_6,505692551,,,,,,
15,spiny,spiny,Chrna2-Cre_OE25,ME_Exc_7,Spiny_1,Inh_6,539537094,ME_Exc_13,Spiny_14,Exc_3,ME_Exc_13,Spiny_11,Inh_11
16,spiny,spiny,Chrna2-Cre_OE25,ME_Exc_7,Spiny_1,Inh_6,539578371,,,,,,
17,spiny,spiny,Chrna2-Cre_OE25,ME_Exc_7,Spiny_1,Exc_1,576107598,ME_Exc_13,Spiny_14,Inh_6,ME_Exc_13,Spiny_14,Inh_11
18,spiny,spiny,Chrna2-Cre_OE25,ME_Exc_7,Spiny_1,Inh_6,529988200,,,,,,
19,spiny,spiny,Chrna2-Cre_OE25,ME_Exc_7,Spiny_1,Inh_6,541566142,,,,,,
20,spiny,spiny,Chrna2-Cre_OE25,ME_Exc_7,Spiny_1,Inh_6,571471295,ME_Exc_13,Spiny_14,Inh_6,ME_Exc_13,Spiny_14,Inh_2
21,aspiny,aspiny,Chrna2-Cre_OE25,ME_Exc_7,Spiny_1,Exc_1,611610514,ME_Exc_13,Spiny_14,Inh_6,ME_Exc_13,Spiny_14,Inh_2
22,aspiny,aspiny,Chrna2-Cre_OE25,ME_Exc_7,Spiny_1,Inh_6,613468354,ME_Exc_13,Spiny_14,Exc_3,ME_Exc_13,Spiny_14,Inh_4
23,spiny,spiny,Chrna2-Cre_OE25,ME_Exc_7,Spiny_1,Inh_6,527942865,ME_Exc_13,Spiny_14,Exc_3,ME_Exc_13,Spiny_14,Inh_4
24,spiny,spiny,Chrna2-Cre_OE25,ME_Exc_7,Spiny_1,Exc_1,545227537,,,,,,
25,aspiny,aspiny,Chrna2-Cre_OE25,ME_Exc_7,Spiny_1,Exc_1,571709783,ME_Exc_13,Spiny_14,Inh_6,ME_Exc_13,Spiny_14,Inh_2
26,spiny,spiny,Chrna2-Cre_OE25,ME_Exc_7,Spiny_1,Inh_6,571520182,ME_Exc_13,Spiny_14,Inh_6,ME_Exc_13,Spiny_14,Inh_2
27,aspiny,aspiny,Chrna2-Cre_OE25,ME_Exc_7,Spiny_1,Exc_1,528016025,,,,,,
28,spiny,spiny,Chrna2-Cre_OE25,ME_Exc_7,Spiny_1,Inh_6,508421103,ME_Exc_13,Spiny_14,Inh_6,ME_Exc_13,Spiny_14,Inh_2
29,aspiny,aspiny,Chrna2-Cre_OE25,ME_Exc_7,Spiny_1,Exc_1,528642047,,,,,,
30,aspiny,spiny,Chrna2-Cre_OE25,ME_Exc_7,Spiny_1,Inh_6,539537652,,,,,,
31,spiny,spiny,Chrna2-Cre_OE25,ME_Exc_7,Spiny_1,Inh_6,541551399,,,,,,
32,aspiny,aspiny,Chrna2-Cre_OE25,ME_Exc_7,Spiny_1,Exc_1,571473428,,,,,,
33,spiny,spiny,Chrna2-Cre_OE25,ME_Exc_7,Spiny_1,Inh_6,526725807,ME_Exc_13,Spiny_14,Inh_6,ME_Exc_13,Spiny_14,Inh_2
34,spiny,spiny,Chrna2-Cre_OE25,ME_Exc_7,Spiny_1,Inh_6,596052605,ME_Inh_25,Spiny_14,Exc_3,ME_Inh_22,Spiny_14,Inh_4
35,aspiny,aspiny,Chrna2-Cre_OE25,ME_Exc_7,Spiny_1,Inh_6,571700636,ME_Exc_13,Spiny_14,Exc_3,ME_Exc_13,Spiny_14,Inh_4
36,spiny,spiny,Chrna2-Cre_OE25,ME_Exc_7,Spiny_1,Exc_1,528638602,,,,,,
37,spiny,spiny,Chrna2-Cre_OE25,ME_Exc_7,Spiny_1,Inh_6,545188095,,,,,,
38,spiny,spiny,Chrna2-Cre_OE25,ME_Exc_7,Spiny_1,Inh_6,548473051,ME_Exc_13,Spiny_14,Inh_6,ME_Exc_13,Spiny_14,Inh_11
39,aspiny,aspiny,Chrna2-Cre_OE25,ME_Exc_7,Spiny_1,Exc_1,643584386,,,,,,
40,spiny,spiny,Chrna2-Cre_OE25,ME_Exc_7,Spiny_1,Inh_6,548416317,,,,,,
41,aspiny,aspiny,Chrna2-Cre_OE25,ME_Exc_7,Spiny_1,Exc_1,539640827,,,,,,
42,spiny,spiny,Chrna2-Cre_OE25,ME_Exc_7,Spiny_1,Inh_6,541551240,,,,,,
43,spiny,spiny,Chrna2-Cre_OE25,ME_Exc_7,Spiny_1,Inh_6,528657972,,,,,,
44,spiny,spiny,Chrna2-Cre_OE25,ME_Exc_7,Spiny_1,Inh_6,529908238,,,,,,
45,spiny,spiny,Chrna2-Cre_OE25,ME_Exc_7,Spiny_1,Inh_6,526816192,,,,,,
46,spiny,spiny,Chrna2-Cre_OE25,ME_Exc_7,Spiny_1,Exc_1,531526662,,,,,,
47,spiny,aspiny,Chrna2-Cre_OE25,ME_Exc_7,Spiny_1,Inh_6,545604343,ME_Exc_13,Spiny_14,Inh_6,ME_Exc_13,Spiny_14,Inh_2
48,spiny,spiny,Chrna2-Cre_OE25,ME_Exc_7,Spiny_1,Inh_6,548408551,ME_Exc_13,Spiny_14,Inh_6,ME_Exc_13,Spiny_14,Inh_2
49,spiny,spiny,Chrna2-Cre_OE25,ME_Exc_7,Spiny_1,Inh_6,571624532,ME_Exc_13,Spiny_14,Exc_3,ME_Exc_13,Spiny_11,Inh_11
50,spiny,aspiny,Chrna2-Cre_OE25,ME_Exc_7,Spiny_1,Inh_6,530081951,ME_Exc_13,Spiny_14,Inh_6,ME_Exc_13,Spiny_14,Inh_2
51,spiny,spiny,Chrna2-Cre_OE25,ME_Exc_7,Spiny_1,Inh_6,562381326,,,,,,
52,aspiny,aspiny,Chrna2-Cre_OE25,ME_Exc_7,Spiny_1,Exc_1,529807751,ME_Exc_13,Spiny_14,Inh_6,ME_Exc_13,Spiny_14,Inh_2
53,spiny,spiny,Chrna2-Cre_OE25,ME_Exc_7,Spiny_1,Inh_6,488392806,,,,,,
54,spiny,spiny,Chrna2-Cre_OE25,ME_Exc_7,Spiny_1,Inh_6,529898751,ME_Exc_13,Spiny_14,Exc_3,ME_Exc_13,Spiny_14,Inh_2
55,spiny,spiny,Chrna2-Cre_OE25,ME_Exc_7,Spiny_1,Inh_6,508400049,,,,,,
56,spiny,spiny,Chrna2-Cre_OE25,ME_Exc_7,Spiny_1,Inh_6,545193484,,,,,,
57,spiny,spiny,Chrna2-Cre_OE25,ME_Exc_7,Spiny_1,Inh_6,571517193,,,,,,
58,spiny,spiny,Chrna2-Cre_OE25,ME_Exc_7,Spiny_1,Inh_6,488402499,,,,,,
59,spiny,spiny,Chrna2-Cre_OE25,ME_Exc_7,Spiny_1,Inh_6,567731428,ME_Exc_13,Spiny_14,Inh_6,ME_Exc_13,Spiny_14,Inh_2
60,aspiny,aspiny,Chrna2-Cre_OE25,ME_Exc_7,Spiny_1,Exc_1,548444436,,,,,,
61,spiny,spiny,Chrna2-Cre_OE25,ME_Exc_7,Spiny_1,Inh_6,558159992,,,,,,
62,spiny,spiny,Chrna2-Cre_OE25,ME_Exc_7,Spiny_1,Inh_6,561467633,,,,,,
63,spiny,spiny,Chrna2-Cre_OE25,ME_Exc_7,Spiny_1,Inh_6,576132827,,,,,,
64,spiny,spiny,Chrna2-Cre_OE25,ME_Exc_7,Spiny_1,Inh_6,528612139,,,,,,
65,aspiny,sparsely spiny,Chrna2-Cre_OE25,ME_Inh_24,Spiny_15,Inh_5,595999306,ME_Exc_13,Spiny_14,Inh_6,ME_Exc_13,Spiny_14,Inh_2
66,spiny,spiny,Chrna2-Cre_OE25,ME_Exc_7,Spiny_1,Inh_6,569867780,,,,,,
67,spiny,spiny,Chrna2-Cre_OE25,ME_Exc_7,Spiny_1,Inh_6,587719226,,,,,,
68,spiny,spiny,Chrna2-Cre_OE25,ME_Exc_7,Spiny_1,Inh_6,528605746,,,,,,
69,spiny,spiny,Chrna2-Cre_OE25,ME_Exc_7,Spiny_1,Inh_6,488701127,,,,,,
70,spiny,aspiny,Chrna2-Cre_OE25,ME_Exc_7,Spiny_1,Inh_6,567742660,ME_Exc_13,Spiny_14,Inh_6,ME_Exc_13,Spiny_14,Inh_2
71,spiny,spiny,Chrna2-Cre_OE25,ME_Exc_7,Spiny_1,Inh_6,537218493,ME_Exc_13,Spiny_14,Inh_6,ME_Exc_13,Spiny_14,Inh_11
72,spiny,spiny,Chrna2-Cre_OE25,ME_Exc_7,Spiny_1,Inh_6,508405972,,,,,,
73,aspiny,aspiny,Chrna2-Cre_OE25,ME_Exc_7,Spiny_1,Exc_1,587710671,ME_Exc_13,Spiny_14,Exc_3,ME_Exc_13,Spiny_14,Inh_4
74,spiny,spiny,Chrna2-Cre_OE25,ME_Exc_7,Spiny_1,Inh_6,571427581,,,,,,
75,spiny,spiny,Chrna2-Cre_OE25,ME_Exc_7,Spiny_1,Inh_6,569107566,ME_Exc_13,Spiny_14,Inh_6,ME_Exc_13,Spiny_14,Inh_2
76,spiny,spiny,Chrna2-Cre_OE25,ME_Exc_7,Spiny_1,Inh_6,529833429,,,,,,
77,spiny,spiny,Chrna2-Cre_OE25,ME_Exc_7,Spiny_1,Inh_6,569100745,ME_Exc_13,Spiny_14,Exc_3,ME_Exc_13,Spiny_14,Inh_2
78,aspiny,aspiny,Chrna2-Cre_OE25,ME_Exc_7,Spiny_1,Inh_6,520631985,,,,,,
79,spiny,spiny,Chrna2-Cre_OE25,ME_Exc_7,Spiny_1,Inh_6,527952884,ME_Exc_13,Spiny_14,Exc_3,ME_Exc_13,Spiny_14,Inh_2
80,spiny,spiny,Chrna2-Cre_OE25,ME_Exc_7,Spiny_1,Inh_6,567763632,ME_Exc_13,Spiny_14,Exc_3,ME_Exc_13,Spiny_14,Inh_4
81,aspiny,aspiny,Chrna2-Cre_OE25,ME_Exc_7,Spiny_1,Inh_6,528687520,ME_Exc_13,Spiny_14,Inh_6,ME_Exc_13,Spiny_14,Inh_2
82,aspiny,aspiny,Chrna2-Cre_OE25,ME_Exc_7,Spiny_1,Inh_6,571520445,,,,,,
83,spiny,spiny,Chrna2-Cre_OE25,ME_Exc_7,Spiny_1,Inh_6,571426284,,,,,,
84,spiny,spiny,Chrna2-Cre_OE25,ME_Exc_7,Spiny_1,Inh_6,530055374,,,,,,
85,aspiny,aspiny,Chrna2-Cre_OE25,ME_Exc_7,Spiny_1,Inh_6,558181151,,,,,,
86,spiny,spiny,Chrna2-Cre_OE25,ME_Exc_7,Spiny_1,Inh_6,616837506,,,,,,
87,spiny,spiny,Chrna2-Cre_OE25,ME_Exc_7,Spiny_1,Inh_6,539542218,,,,,,
88,spiny,spiny,Chrna2-Cre_OE25,ME_Exc_7,Spiny_1,Exc_1,541571148,,,,,,
89,aspiny,aspiny,Chrna2-Cre_OE25,ME_Exc_7,Spiny_1,Exc_1,488400343,,,,,,
90,spiny,spiny,Chrna2-Cre_OE25,ME_Exc_7,Spiny_1,Inh_6,526714733,ME_Exc_13,Spiny_14,Inh_6,ME_Exc_13,Spiny_14,Inh_11
91,spiny,spiny,Chrna2-Cre_OE25,ME_Exc_7,Spiny_1,Inh_6,571508482,,,,,,
92,spiny,spiny,Chrna2-Cre_OE25,ME_Exc_7,Spiny_1,Inh_6,530094213,,,,,,
93,spiny,spiny,Chrna2-Cre_OE25,ME_Exc_7,Spiny_1,Inh_6,537297470,ME_Exc_13,Spiny_14,Inh_6,ME_Exc_13,Spiny_14,Inh_11
94,spiny,spiny,Chrna2-Cre_OE25,ME_Exc_7,Spiny_1,Inh_6,508380891,,,,,,
95,spiny,sparsely spiny,Chrna2-Cre_OE25,ME_Exc_7,Spiny_1,Inh_6,561435883,,,,,,
96,aspiny,spiny,Chrna2-Cre_OE25,ME_Exc_7,Spiny_1,Inh_6,569820130,ME_Exc_13,Spiny_14,Exc_3,ME_Exc_13,Spiny_14,Inh_2
97,aspiny,aspiny,Chrna2-Cre_OE25,ME_Exc_7,Spiny_1,Inh_6,571442534,,,,,,
98,spiny,spiny,Chrna2-Cre_OE25,ME_Exc_7,Spiny_1,Inh_6,571464200,ME_Exc_13,Spiny_14,Exc_3,ME_Inh_22,Spiny_11,Inh_4
99,aspiny,aspiny,Chrna2-Cre_OE25,ME_Exc_10,Spiny_15,Inh_5,571517139,,,,,,
100,aspiny,sparsely spiny,Chrna2-Cre_OE25,ME_Exc_7,Spiny_1,Inh_6,596036453,ME_Exc_13,Spiny_14,Inh_6,ME_Exc_13,Spiny_14,Inh_2
101,spiny,spiny,Chrna2-Cre_OE25,ME_Exc_7,Spiny_1,Inh_6,576132767,ME_Exc_13,Spiny_14,Exc_3,ME_Exc_13,Spiny_14,Inh_4
102,spiny,spiny,Chrna2-Cre_OE25,ME_Exc_7,Spiny_1,Inh_6,529845713,ME_Exc_13,Spiny_14,Inh_6,ME_Exc_13,Spiny_14,Inh_2
103,spiny,spiny,Chrna2-Cre_OE25,ME_Exc_7,Spiny_1,Inh_6,526733569,,,,,,
104,aspiny,aspiny,Chrna2-Cre_OE25,ME_Exc_7,Spiny_1,Exc_1,508400236,,,,,,
105,aspiny,spiny,Chrna2-Cre_OE25,ME_Exc_7,Spiny_1,Inh_6,611823070,,,,,,
106,spiny,spiny,Chrna2-Cre_OE25,ME_Exc_7,Spiny_1,Inh_6,527890048,,,,,,
107,spiny,spiny,Chrna2-Cre_OE25,ME_Exc_7,Spiny_1,Inh_6,614197612,ME_Exc_13,Spiny_14,Exc_3,ME_Exc_13,Spiny_14,Inh_4
108,spiny,spiny,Chrna2-Cre_OE25,ME_Exc_7,Spiny_1,Inh_6,528614014,ME_Exc_13,Spiny_14,Exc_3,ME_Exc_13,Spiny_14,Inh_4
109,spiny,spiny,Chrna2-Cre_OE25,ME_Exc_7,Spiny_1,Inh_6,548425467,ME_Exc_13,Spiny_14,Inh_6,ME_Exc_13,Spiny_14,Inh_11
110,spiny,spiny,Chrna2-Cre_OE25,ME_Exc_7,Spiny_1,Inh_6,561466001,,,,,,
111,spiny,spiny,Chrna2-Cre_OE25,ME_Exc_7,Spiny_1,Inh_6,508298270,ME_Inh_25,Spiny_14,Exc_3,ME_Inh_22,Spiny_11,Inh_4
112,spiny,spiny,Chrna2-Cre_OE25,ME_Exc_7,Spiny_1,Inh_6,613944404,,,,,,
113,spiny,spiny,Chrna2-Cre_OE25,ME_Exc_7,Spiny_1,Inh_6,508378649,ME_Exc_13,Spiny_14,Inh_6,ME_Exc_13,Spiny_14,Inh_2
114,aspiny,aspiny,Chrna2-Cre_OE25,ME_Exc_7,Spiny_1,Exc_1,488386626,ME_Exc_13,Spiny_14,Inh_6,ME_Exc_13,Spiny_14,Inh_2
115,spiny,spiny,Chrna2-Cre_OE25,ME_Exc_7,Spiny_1,Inh_6,525007375,,,,,,
116,spiny,spiny,Chrna2-Cre_OE25,ME_Exc_7,Spiny_1,Inh_6,571483807,ME_Exc_13,Spiny_14,Inh_6,ME_Exc_13,Spiny_14,Inh_2
117,spiny,spiny,Chrna2-Cre_OE25,ME_Exc_7,Spiny_1,Inh_6,508376177,,,,,,
118,spiny,spiny,Chrna2-Cre_OE25,ME_Exc_7,Spiny_1,Inh_6,614659629,ME_Exc_13,Spiny_14,Inh_6,ME_Exc_13,Spiny_11,Inh_11
119,spiny,spiny,Chrna2-Cre_OE25,ME_Exc_7,Spiny_1,Exc_1,545608578,,,,,,
120,spiny,spiny,Chrna2-Cre_OE25,ME_Exc_7,Spiny_1,Inh_6,517673596,ME_Exc_13,Spiny_14,Exc_3,ME_Exc_13,Spiny_14,Inh_11
121,spiny,spiny,Chrna2-Cre_OE25,ME_Exc_7,Spiny_1,Exc_1,539547437,,,,,,
122,spiny,spiny,Chrna2-Cre_OE25,ME_Exc_7,Spiny_1,Inh_6,517693519,,,,,,
123,spiny,spiny,Chrna2-Cre_OE25,ME_Exc_7,Spiny_1,Inh_6,520480180,,,,,,
124,spiny,spiny,Chrna2-Cre_OE25,ME_Exc_7,Spiny_1,Inh_6,541563728,ME_Exc_13,Spiny_14,Inh_6,ME_Exc_13,Spiny_14,Inh_2
125,spiny,spiny,Chrna2-Cre_OE25,ME_Exc_7,Spiny_1,Inh_6,528697733,,,,,,
126,spiny,spiny,Chrna2-Cre_OE25,ME_Exc_7,Spiny_1,Inh_6,571642127,ME_Exc_13,Spiny_14,Exc_3,ME_Exc_13,Spiny_14,Inh_2
127,aspiny,aspiny,Chrna2-Cre_OE25,ME_Exc_7,Spiny_1,Exc_1,528028846,,,,,,
128,spiny,spiny,Chrna2-Cre_OE25,ME_Exc_7,Spiny_1,Inh_6,576120358,,,,,,
129,spiny,spiny,Chrna2-Cre_OE25,ME_Exc_7,Spiny_1,Inh_6,569869510,,,,,,
130,spiny,spiny,Chrna2-Cre_OE25,ME_Exc_7,Spiny_1,Inh_6,526791834,,,,,,
131,spiny,spiny,Chrna2-Cre_OE25,ME_Exc_7,Spiny_1,Inh_6,530062268,,,,,,
132,spiny,spiny,Chrna2-Cre_OE25,ME_Exc_7,Spiny_1,Inh_6,531517732,ME_Exc_13,Spiny_14,Inh_6,ME_Exc_13,Spiny_14,Inh_11
133,spiny,spiny,Chrna2-Cre_OE25,ME_Exc_7,Spiny_1,Inh_6,614635228,ME_Exc_13,Spiny_14,Exc_3,ME_Exc_13,Spiny_14,Inh_4
134,aspiny,aspiny,Chrna2-Cre_OE25,ME_Exc_7,Spiny_1,Inh_6,571435969,ME_Exc_13,Spiny_14,Inh_6,ME_Exc_13,Spiny_14,Inh_4
135,spiny,aspiny,Chrna2-Cre_OE25,ME_Exc_7,Spiny_1,Exc_1,542179094,,,,,,
136,spiny,spiny,Chrna2-Cre_OE25,ME_Exc_7,Spiny_1,Inh_6,508427757,,,,,,
137,spiny,spiny,Chrna2-Cre_OE25,ME_Exc_7,Spiny_1,Inh_6,571624971,ME_Exc_13,Spiny_14,Inh_6,ME_Exc_13,Spiny_14,Inh_11
138,spiny,spiny,Chrna2-Cre_OE25,ME_Exc_7,Spiny_1,Inh_6,611915585,,,,,,
139,spiny,spiny,Chrna2-Cre_OE25,ME_Exc_7,Spiny_1,Inh_6,531517518,,,,,,
140,spiny,spiny,Chrna2-Cre_OE25,ME_Exc_7,Spiny_1,Inh_6,528617665,,,,,,
141,spiny,spiny,Chrna2-Cre_OE25,ME_Exc_7,Spiny_1,Inh_6,576090160,,,,,,
142,spiny,spiny,Chrna2-Cre_OE25,ME_Exc_7,Spiny_1,Inh_6,531520401,ME_Exc_13,Spiny_14,Inh_6,ME_Exc_13,Spiny_14,Inh_11
143,spiny,sparsely spiny,Chrna2-Cre_OE25,ME_Exc_7,Spiny_1,Inh_6,569849486,ME_Exc_13,Spiny_14,Inh_6,ME_Exc_13,Spiny_14,Inh_2
144,aspiny,aspiny,Chrna2-Cre_OE25,ME_Exc_7,Spiny_1,Inh_6,527932447,,,,,,
145,spiny,spiny,Chrna2-Cre_OE25,ME_Exc_7,Spiny_1,Inh_6,531526842,,,,,,
146,aspiny,aspiny,Chrna2-Cre_OE25,ME_Exc_7,Spiny_1,Inh_6,527890930,,,,,,
147,spiny,spiny,Chrna2-Cre_OE25,ME_Exc_7,Spiny_1,Inh_6,592472734,,,,,,
148,spiny,spiny,Chrna2-Cre_OE25,ME_Exc_7,Spiny_1,Inh_6,587770251,,,,,,
149,spiny,spiny,Chrna2-Cre_OE25,ME_Exc_7,Spiny_1,Inh_6,542131227,,,,,,
150,spiny,spiny,Chrna2-Cre_OE25,ME_Exc_7,Spiny_1,Inh_6,529988599,,,,,,
151,spiny,spiny,Chrna2-Cre_OE25,ME_Exc_7,Spiny_1,Inh_6,613442532,ME_Exc_13,Spiny_14,Exc_3,ME_Exc_13,Spiny_14,Inh_4
152,spiny,spiny,Chrna2-Cre_OE25,ME_Exc_7,Spiny_1,Inh_6,508390405,,,,,,
153,spiny,spiny,Chrna2-Cre_OE25,ME_Exc_7,Spiny_1,Inh_6,520623958,,,,,,
154,spiny,spiny,Chrna2-Cre_OE25,ME_Exc_7,Spiny_1,Inh_6,541541635,,,,,,
155,spiny,spiny,Chrna2-Cre_OE25,ME_Exc_7,Spiny_1,Inh_6,571735073,ME_Exc_13,Spiny_14,Inh_6,ME_Exc_13,Spiny_14,Inh_2
156,spiny,aspiny,Chrna2-Cre_OE25,ME_Exc_7,Spiny_1,Inh_6,576095991,ME_Exc_13,Spiny_14,Inh_6,ME_Exc_13,Spiny_14,Inh_2
157,aspiny,aspiny,Chrna2-Cre_OE25,ME_Exc_7,Spiny_1,Inh_6,545192313,,,,,,
158,spiny,spiny,Chrna2-Cre_OE25,ME_Exc_7,Spiny_1,Inh_6,531532489,,,,,,
159,spiny,spiny,Chrna2-Cre_OE25,ME_Exc_7,Spiny_1,Inh_6,548434716,,,,,,
160,spiny,spiny,Chrna2-Cre_OE25,ME_Exc_7,Spiny_1,Inh_6,571520908,,,,,,
161,spiny,spiny,Chrna2-Cre_OE25,ME_Exc_7,Spiny_1,Inh_6,537307503,,,,,,
162,spiny,spiny,Chrna2-Cre_OE25,ME_Exc_7,Spiny_1,Inh_6,601958555,ME_Exc_13,Spiny_14,Inh_6,ME_Exc_13,Spiny_14,Inh_2
163,spiny,spiny,Chrna2-Cre_OE25,ME_Exc_7,Spiny_1,Inh_6,508280093,,,,,,
164,spiny,spiny,Chrna2-Cre_OE25,ME_Exc_7,Spiny_1,Inh_6,508400454,,,,,,
165,spiny,spiny,Chrna2-Cre_OE25,ME_Exc_7,Spiny_1,Inh_6,508411248,,,,,,
166,spiny,spiny,Chrna2-Cre_OE25,ME_Exc_7,Spiny_1,Inh_6,526732858,,,,,,
167,spiny,spiny,Chrna2-Cre_OE25,ME_Exc_7,Spiny_1,Inh_6,545171030,,,,,,
168,aspiny,aspiny,Chrna2-Cre_OE25,ME_Exc_7,Spiny_1,Exc_1,508281653,,,,,,
169,spiny,spiny,Chrna2-Cre_OE25,ME_Exc_7,Spiny_1,Inh_6,527930921,,,,,,
170,spiny,spiny,Chrna2-Cre_OE25,ME_Exc_7,Spiny_1,Inh_6,528631714,,,,,,
171,spiny,spiny,Chrna2-Cre_OE25,ME_Exc_7,Spiny_1,Inh_6,537261100,ME_Exc_13,Spiny_14,Inh_6,ME_Exc_13,Spiny_14,Inh_11
172,aspiny,aspiny,Chrna2-Cre_OE25,ME_Exc_7,Spiny_1,Exc_1,614651270,ME_Exc_13,Spiny_14,Inh_6,ME_Exc_13,Spiny_14,Inh_2
173,spiny,spiny,Chrna2-Cre_OE25,ME_Exc_7,Spiny_1,Inh_6,539563223,,,,,,
174,spiny,spiny,Chrna2-Cre_OE25,ME_Exc_7,Spiny_1,Inh_6,601950719,,,,,,
175,aspiny,aspiny,Chrna2-Cre_OE25,ME_Exc_7,Spiny_1,Inh_6,488418027,ME_Exc_13,Spiny_14,Inh_6,ME_Exc_13,Spiny_14,Inh_2
176,spiny,spiny,Chrna2-Cre_OE25,ME_Exc_7,Spiny_1,Inh_6,525023625,,,,,,
177,aspiny,sparsely spiny,Chrna2-Cre_OE25,ME_Exc_5,Spiny_7,Inh_5,611617700,,,,,,
178,spiny,spiny,Chrna2-Cre_OE25,ME_Exc_7,Spiny_1,Inh_6,489315717,,,,,,
179,spiny,spiny,Chrna2-Cre_OE25,ME_Exc_7,Spiny_1,Inh_6,529856350,,,,,,
180,spiny,spiny,Chrna2-Cre_OE25,ME_Exc_7,Spiny_1,Inh_6,542143598,ME_Exc_13,Spiny_14,Exc_3,ME_Exc_13,Spiny_14,Inh_2
181,spiny,spiny,Chrna2-Cre_OE25,ME_Exc_7,Spiny_1,Inh_6,508282493,ME_Exc_13,Spiny_14,Exc_3,ME_Inh_22,Spiny_11,Inh_4
182,spiny,spiny,Chrna2-Cre_OE25,ME_Exc_7,Spiny_1,Inh_6,531526539,ME_Exc_13,Spiny_14,Inh_6,ME_Exc_13,Spiny_14,Inh_2
183,spiny,spiny,Chrna2-Cre_OE25,ME_Exc_7,Spiny_1,Inh_6,616647103,ME_Inh_25,Spiny_11,Exc_3,ME_Inh_22,Spiny_11,Inh_4
184,spiny,spiny,Chrna2-Cre_OE25,ME_Exc_7,Spiny_1,Inh_6,571666289,ME_Exc_13,Spiny_14,Inh_6,ME_Exc_13,Spiny_14,Inh_11
185,aspiny,sparsely spiny,Chrna2-Cre_OE25,ME_Exc_5,Spiny_7,Inh_5,595568262,ME_Exc_13,Spiny_14,Exc_3,ME_Inh_22,Spiny_14,Inh_5
186,spiny,spiny,Chrna2-Cre_OE25,ME_Exc_7,Spiny_1,Inh_6,508309649,ME_Exc_13,Spiny_14,Exc_3,ME_Exc_13,Spiny_14,Inh_4
187,spiny,spiny,Chrna2-Cre_OE25,ME_Exc_7,Spiny_1,Inh_6,539653924,ME_Exc_13,Spiny_14,Inh_6,ME_Exc_13,Spiny_14,Inh_11
188,aspiny,aspiny,Chrna2-Cre_OE25,ME_Exc_10,Spiny_7,Inh_3,643572206,ME_Exc_13,Spiny_14,Inh_2,ME_Exc_5,Aspiny_16,Exc_2
189,spiny,aspiny,Chrna2-Cre_OE25,ME_Exc_7,Spiny_1,Inh_6,529884137,,,,,,
190,spiny,spiny,Chrna2-Cre_OE25,ME_Exc_7,Spiny_1,Inh_6,526714785,,,,,,
191,spiny,spiny,Chrna2-Cre_OE25,ME_Exc_7,Spiny_1,Inh_6,530058283,,,,,,
192,spiny,aspiny,Chrna2-Cre_OE25,ME_Exc_7,Spiny_1,Inh_6,613432942,,,,,,
193,spiny,spiny,Chrna2-Cre_OE25,ME_Exc_7,Spiny_1,Exc_1,637034000,ME_Exc_13,Spiny_14,Inh_6,ME_Exc_13,Spiny_11,Inh_6
194,spiny,spiny,Chrna2-Cre_OE25,ME_Exc_7,Spiny_1,Inh_6,489308885,,,,,,
195,spiny,spiny,Chrna2-Cre_OE25,ME_Exc_7,Spiny_1,Inh_6,528671590,,,,,,
196,spiny,spiny,Chrna2-Cre_OE25,ME_Exc_7,Spiny_1,Inh_6,520470657,,,,,,
197,spiny,spiny,Chrna2-Cre_OE25,ME_Exc_7,Spiny_1,Inh_6,520636424,,,,,,
198,spiny,spiny,Chrna2-Cre_OE25,ME_Exc_7,Spiny_1,Inh_6,527941296,ME_Exc_13,Spiny_14,Inh_6,ME_Exc_13,Spiny_14,Inh_11
199,spiny,spiny,Chrna2-Cre_OE25,ME_Exc_7,Spiny_1,Inh_6,486940963,,,,,,
200,spiny,spiny,Chrna2-Cre_OE25,ME_Exc_7,Spiny_1,Inh_6,537313158,ME_Exc_13,Spiny_14,Exc_3,ME_Exc_13,Spiny_14,Inh_2
201,spiny,spiny,Chrna2-Cre_OE25,ME_Exc_7,Spiny_1,Inh_6,528038990,ME_Exc_13,Spiny_14,Inh_6,ME_Exc_13,Spiny_14,Inh_11
202,spiny,spiny,Chrna2-Cre_OE25,ME_Exc_7,Spiny_1,Inh_6,545216846,,,,,,
203,spiny,spiny,Chrna2-Cre_OE25,ME_Exc_7,Spiny_1,Inh_6,587762000,,,,,,
204,spiny,spiny,Chrna2-Cre_OE25,ME_Exc_7,Spiny_1,Inh_6,528637071,,,,,,
205,aspiny,aspiny,Chrna2-Cre_OE25,ME_Exc_7,Spiny_1,Inh_6,611623402,ME_Exc_13,Spiny_14,Inh_6,ME_Exc_13,Spiny_14,Inh_2
206,aspiny,spiny,Chrna2-Cre_OE25,ME_Exc_7,Spiny_1,Exc_1,595562635,ME_Exc_13,Spiny_14,Inh_6,ME_Exc_13,Spiny_14,Inh_2
207,spiny,spiny,Chrna2-Cre_OE25,ME_Exc_7,Spiny_1,Inh_6,541540615,,,,,,
208,spiny,spiny,Chrna2-Cre_OE25,ME_Exc_7,Spiny_1,Inh_6,569101823,,,,,,
209,aspiny,aspiny,Chrna2-Cre_OE25,ME_Inh_24,Spiny_15,Inh_5,596049209,,,,,,
210,spiny,spiny,Chrna2-Cre_OE25,ME_Exc_7,Spiny_1,Inh_6,528625591,,,,,,
211,spiny,spiny,Chrna2-Cre_OE25,ME_Exc_7,Spiny_1,Inh_6,571654895,ME_Exc_13,Spiny_14,Inh_6,ME_Exc_13,Spiny_14,Inh_11
212,spiny,spiny,Chrna2-Cre_OE25,ME_Exc_7,Spiny_15,Inh_5,611764247,,,,,,
213,spiny,spiny,Chrna2-Cre_OE25,ME_Exc_7,Spiny_1,Inh_6,530022494,,,,,,
214,aspiny,aspiny,Chrna2-Cre_OE25,ME_Exc_7,Spiny_1,Exc_1,643625553,,,,,,
215,aspiny,aspiny,Chrna2-Cre_OE25,ME_Exc_5,Spiny_15,Inh_5,567764060,,,,,,
216,spiny,spiny,Chrna2-Cre_OE25,ME_Exc_7,Spiny_1,Inh_6,567738879,,,,,,
217,spiny,spiny,Chrna2-Cre_OE25,ME_Exc_7,Spiny_1,Inh_6,567776248,,,,,,
218,aspiny,aspiny,Chrna2-Cre_OE25,ME_Exc_7,Spiny_1,Exc_1,528734156,,,,,,
219,spiny,spiny,Chrna2-Cre_OE25,ME_Exc_7,Spiny_1,Inh_6,537182609,,,,,,
220,spiny,spiny,Chrna2-Cre_OE25,ME_Exc_7,Spiny_1,Inh_6,517673954,,,,,,
221,spiny,spiny,Chrna2-Cre_OE25,ME_Exc_7,Spiny_1,Inh_6,539556162,,,,,,
222,spiny,spiny,Chrna2-Cre_OE25,ME_Exc_7,Spiny_1,Inh_6,541548139,,,,,,
223,aspiny,aspiny,Chrna2-Cre_OE25,ME_Exc_7,Spiny_1,Exc_1,611592806,,,,,,
224,spiny,spiny,Chrna2-Cre_OE25,ME_Exc_7,Spiny_1,Inh_6,528617195,,,,,,
225,spiny,spiny,Chrna2-Cre_OE25,ME_Exc_7,Spiny_1,Inh_6,569844159,ME_Exc_13,Spiny_14,Inh_6,ME_Exc_13,Spiny_14,Inh_2
226,spiny,spiny,Chrna2-Cre_OE25,ME_Exc_7,Spiny_1,Inh_6,571500474,ME_Exc_13,Spiny_14,Inh_6,ME_Exc_13,Spiny_14,Inh_2
227,spiny,spiny,Chrna2-Cre_OE25,ME_Exc_7,Spiny_1,Inh_6,614230805,ME_Exc_13,Spiny_14,Inh_6,ME_Exc_13,Spiny_14,Inh_11
228,spiny,spiny,Chrna2-Cre_OE25,ME_Exc_7,Spiny_1,Inh_6,528613096,,,,,,
229,aspiny,aspiny,Chrna2-Cre_OE25,ME_Inh_24,Spiny_15,Inh_5,569860147,,,,,,
230,spiny,spiny,Chrna2-Cre_OE25,ME_Exc_7,Spiny_1,Inh_6,520471727,,,,,,
231,spiny,spiny,Chrna2-Cre_OE25,ME_Exc_7,Spiny_1,Inh_6,527891102,ME_Exc_13,Spiny_14,Inh_6,ME_Exc_13,Spiny_14,Inh_2
232,spiny,spiny,Chrna2-Cre_OE25,ME_Exc_7,Spiny_1,Inh_6,528022041,ME_Exc_13,Spiny_14,Exc_3,ME_Exc_13,Spiny_14,Inh_4
233,aspiny,aspiny,Chrna2-Cre_OE25,ME_Exc_7,Spiny_1,Inh_6,571427524,ME_Exc_13,Spiny_14,Exc_3,ME_Exc_13,Spiny_14,Inh_2
234,spiny,spiny,Chrna2-Cre_OE25,ME_Exc_7,Spiny_1,Inh_6,541545716,ME_Exc_13,Spiny_14,Inh_6,ME_Exc_13,Spiny_14,Inh_2
235,spiny,spiny,Chrna2-Cre_OE25,ME_Exc_7,Spiny_1,Inh_6,561437013,,,,,,
236,spiny,spiny,Chrna2-Cre_OE25,ME_Exc_7,Spiny_1,Inh_6,571429412,ME_Exc_13,Spiny_14,Inh_6,ME_Exc_13,Spiny_14,Inh_6
237,spiny,spiny,Chrna2-Cre_OE25,ME_Exc_7,Spiny_1,Inh_6,539542640,ME_Exc_13,Spiny_14,Inh_6,ME_Exc_13,Spiny_11,Inh_11
238,spiny,spiny,Chrna2-Cre_OE25,ME_Exc_7,Spiny_1,Inh_6,571721440,,,,,,
239,spiny,spiny,Chrna2-Cre_OE25,ME_Exc_7,Spiny_1,Inh_6,508417989,ME_Exc_13,Spiny_14,Inh_6,ME_Exc_13,Spiny_14,Inh_2
240,spiny,spiny,Chrna2-Cre_OE25,ME_Exc_7,Spiny_1,Inh_6,571527806,ME_Exc_13,Spiny_14,Inh_6,ME_Exc_13,Spiny_14,Inh_11
241,spiny,spiny,Chrna2-Cre_OE25,ME_Exc_7,Spiny_1,Inh_6,571516327,,,,,,
242,spiny,spiny,Chrna2-Cre_OE25,ME_Exc_7,Spiny_1,Inh_6,527907460,,,,,,
243,aspiny,aspiny,Chrna2-Cre_OE25,ME_Exc_7,Spiny_1,Exc_1,561469082,ME_Exc_13,Spiny_14,Exc_3,ME_Exc_13,Spiny_14,Inh_4
244,spiny,spiny,Chrna2-Cre_OE25,ME_Exc_7,Spiny_1,Inh_6,539540199,,,,,,
245,spiny,spiny,Chrna2-Cre_OE25,ME_Exc_7,Spiny_1,Inh_6,508366192,,,,,,
246,spiny,spiny,Chrna2-Cre_OE25,ME_Exc_7,Spiny_1,Exc_1,528643271,,,,,,
247,spiny,spiny,Chrna2-Cre_OE25,ME_Exc_7,Spiny_1,Inh_6,527922515,,,,,,
248,aspiny,spiny,Chrna2-Cre_OE25,ME_Exc_7,Spiny_1,Exc_1,576136807,,,,,,
249,spiny,spiny,Chrna2-Cre_OE25,ME_Exc_7,Spiny_1,Inh_6,529826240,,,,,,
250,spiny,spiny,Chrna2-Cre_OE25,ME_Exc_7,Spiny_1,Inh_6,548440226,ME_Exc_13,Spiny_14,Inh_6,ME_Exc_13,Spiny_14,Inh_11
251,aspiny,spiny,Chrna2-Cre_OE25,ME_Exc_7,Spiny_1,Inh_6,528015670,ME_Exc_13,Spiny_14,Exc_3,ME_Exc_13,Spiny_14,Exc_2
252,spiny,spiny,Chrna2-Cre_OE25,ME_Exc_7,Spiny_1,Inh_6,525133308,ME_Exc_13,Spiny_14,Inh_6,ME_Exc_13,Spiny_14,Inh_2
253,spiny,aspiny,Chrna2-Cre_OE25,ME_Exc_7,Spiny_1,Inh_6,527931217,,,,,,
254,spiny,spiny,Chrna2-Cre_OE25,ME_Exc_7,Spiny_1,Inh_6,531523484,ME_Exc_13,Spiny_14,Exc_3,ME_Exc_13,Spiny_11,Inh_4
255,spiny,spiny,Chrna2-Cre_OE25,ME_Exc_7,Spiny_1,Inh_6,531523709,,,,,,
256,spiny,spiny,Chrna2-Cre_OE25,ME_Exc_7,Spiny_1,Inh_6,539563673,,,,,,
257,spiny,spiny,Chrna2-Cre_OE25,ME_Exc_7,Spiny_1,Inh_6,567747448,,,,,,
258,spiny,spiny,Chrna2-Cre_OE25,ME_Exc_7,Spiny_1,Inh_6,542086000,,,,,,
259,spiny,spiny,Chrna2-Cre_OE25,ME_Exc_7,Spiny_1,Inh_6,561464809,,,,,,
260,spiny,spiny,Chrna2-Cre_OE25,ME_Exc_7,Spiny_1,Inh_6,519849529,,,,,,
261,aspiny,aspiny,Chrna2-Cre_OE25,ME_Exc_11,Spiny_15,Inh_5,545207901,,,,,,
262,spiny,sparsely spiny,Chrna2-Cre_OE25,ME_Exc_7,Spiny_1,Inh_6,595570553,ME_Exc_13,Spiny_14,Exc_3,ME_Exc_13,Spiny_14,Inh_4
263,spiny,spiny,Chrna2-Cre_OE25,ME_Exc_7,Spiny_1,Inh_6,488418919,,,,,,
264,spiny,spiny,Chrna2-Cre_OE25,ME_Exc_7,Spiny_1,Inh_6,517689107,,,,,,
265,spiny,spiny,Chrna2-Cre_OE25,ME_Exc_7,Spiny_1,Inh_6,537266147,ME_Exc_13,Spiny_14,Inh_6,ME_Exc_13,Spiny_14,Inh_11
266,spiny,spiny,Chrna2-Cre_OE25,ME_Exc_7,Spiny_1,Inh_6,520615638,,,,,,
267,spiny,spiny,Chrna2-Cre_OE25,ME_Exc_7,Spiny_1,Inh_6,520470950,,,,,,
268,aspiny,aspiny,Chrna2-Cre_OE25,ME_Exc_7,Spiny_1,Exc_1,531520637,ME_Exc_13,Spiny_14,Inh_6,ME_Exc_13,Spiny_14,Inh_4
269,spiny,spiny,Chrna2-Cre_OE25,ME_Exc_7,Spiny_1,Inh_6,541551362,,,,,,
270,aspiny,aspiny,Chrna2-Cre_OE25,ME_Exc_7,Spiny_1,Exc_1,561432315,ME_Exc_13,Spiny_14,Inh_6,ME_Exc_13,Spiny_14,Inh_2
271,spiny,spiny,Chrna2-Cre_OE25,ME_Exc_7,Spiny_1,Inh_6,508381568,,,,,,
272,spiny,spiny,Chrna2-Cre_OE25,ME_Exc_7,Spiny_1,Inh_6,508280017,,,,,,
273,spiny,spiny,Chrna2-Cre_OE25,ME_Exc_7,Spiny_1,Inh_6,537284228,,,,,,
274,spiny,spiny,Chrna2-Cre_OE25,ME_Exc_7,Spiny_1,Inh_6,520631294,ME_Exc_13,Spiny_14,Exc_3,ME_Exc_13,Spiny_14,Inh_11
275,spiny,spiny,Chrna2-Cre_OE25,ME_Exc_7,Spiny_15,Inh_5,587784061,,,,,,
276,spiny,spiny,Chrna2-Cre_OE25,ME_Exc_7,Spiny_1,Inh_6,525011903,,,,,,
277,spiny,sparsely spiny,Chrna2-Cre_OE25,ME_Exc_7,Spiny_1,Inh_6,525018757,ME_Exc_13,Spiny_14,Inh_6,ME_Exc_13,Spiny_14,Inh_2
278,spiny,spiny,Chrna2-Cre_OE25,ME_Exc_7,Spiny_1,Inh_6,526727406,ME_Exc_13,Spiny_14,Exc_3,ME_Exc_13,Spiny_11,Inh_6
279,spiny,spiny,Chrna2-Cre_OE25,ME_Exc_7,Spiny_1,Inh_6,528602977,ME_Exc_13,Spiny_14,Inh_6,ME_Exc_13,Spiny_11,Inh_6
280,spiny,aspiny,Chrna2-Cre_OE25,ME_Exc_7,Spiny_1,Inh_6,569825715,ME_Exc_13,Spiny_14,Inh_6,ME_Exc_13,Spiny_14,Inh_2
281,spiny,spiny,Chrna2-Cre_OE25,ME_Exc_7,Spiny_1,Inh_6,528619307,,,,,,
282,spiny,spiny,Chrna2-Cre_OE25,ME_Exc_7,Spiny_1,Inh_6,562377597,,,,,,
283,spiny,spiny,Chrna2-Cre_OE25,ME_Exc_7,Spiny_1,Inh_6,528025071,,,,,,
284,spiny,spiny,Chrna2-Cre_OE25,ME_Exc_7,Spiny_1,Inh_6,576117916,,,,,,
285,spiny,spiny,Chrna2-Cre_OE25,ME_Exc_7,Spiny_1,Inh_6,508413678,,,,,,
286,aspiny,aspiny,Chrna2-Cre_OE25,ME_Exc_11,Spiny_15,Inh_5,637038252,ME_Exc_13,Spiny_14,Exc_3,ME_Exc_13,Spiny_14,Inh_2
287,spiny,spiny,Chrna2-Cre_OE25,ME_Exc_7,Spiny_1,Inh_6,527901472,,,,,,
288,spiny,spiny,Chrna2-Cre_OE25,ME_Exc_7,Spiny_1,Inh_6,529897150,,,,,,
289,spiny,spiny,Chrna2-Cre_OE25,ME_Exc_7,Spiny_1,Exc_1,539539309,,,,,,
290,aspiny,aspiny,Chrna2-Cre_OE25,ME_Exc_7,Spiny_1,Exc_1,526734407,ME_Exc_13,Spiny_14,Exc_3,ME_Inh_22,Spiny_11,Inh_4
291,spiny,spiny,Chrna2-Cre_OE25,ME_Exc_7,Spiny_1,Inh_6,571430815,ME_Exc_13,Spiny_14,Exc_3,ME_Exc_13,Spiny_14,Inh_2
292,spiny,spiny,Chrna2-Cre_OE25,ME_Exc_7,Spiny_1,Inh_6,537256313,,,,,,
293,aspiny,spiny,Chrna2-Cre_OE25,ME_Exc_5,Spiny_15,Inh_5,545152345,,,,,,
294,spiny,aspiny,Chrna2-Cre_OE25,ME_Exc_7,Spiny_1,Inh_6,519853636,,,,,,
295,spiny,spiny,Chrna2-Cre_OE25,ME_Exc_7,Spiny_1,Inh_6,571644618,,,,,,
296,spiny,spiny,Chrna2-Cre_OE25,ME_Exc_7,Spiny_1,Inh_6,528609885,,,,,,
297,spiny,spiny,Chrna2-Cre_OE25,ME_Exc_7,Spiny_1,Inh_6,528631988,,,,,,
298,spiny,spiny,Chrna2-Cre_OE25,ME_Exc_7,Spiny_1,Inh_6,571450845,,,,,,
299,aspiny,aspiny,Chrna2-Cre_OE25,ME_Inh_24,Spiny_15,Inh_5,613396614,ME_Exc_13,Spiny_14,Exc_3,ME_Exc_13,Spiny_14,Inh_2
300,spiny,spiny,Chrna2-Cre_OE25,ME_Exc_7,Spiny_1,Inh_6,541566300,,,,,,
301,aspiny,spiny,Chrna2-Cre_OE25,ME_Exc_10,Spiny_15,Exc_1,569075240,,,,,,
302,spiny,spiny,Chrna2-Cre_OE25,ME_Exc_7,Spiny_1,Inh_6,545612828,ME_Exc_13,Spiny_14,Exc_3,ME_Exc_13,Spiny_11,Inh_11
303,spiny,spiny,Chrna2-Cre_OE25,ME_Exc_7,Spiny_1,Inh_6,529889679,ME_Exc_13,Spiny_14,Inh_6,ME_Exc_13,Spiny_14,Inh_2
304,spiny,spiny,Chrna2-Cre_OE25,ME_Exc_7,Spiny_1,Inh_6,613445682,,,,,,
305,spiny,spiny,Chrna2-Cre_OE25,ME_Exc_7,Spiny_1,Inh_6,571691416,ME_Exc_13,Spiny_14,Exc_3,ME_Exc_13,Spiny_14,Inh_4
306,aspiny,aspiny,Chrna2-Cre_OE25,ME_Exc_7,Spiny_1,Exc_1,528011097,,,,,,
307,spiny,spiny,Chrna2-Cre_OE25,ME_Exc_7,Spiny_1,Inh_6,541540569,ME_Exc_13,Spiny_14,Inh_6,ME_Exc_13,Spiny_14,Inh_11
308,aspiny,aspiny,Chrna2-Cre_OE25,ME_Exc_7,Spiny_1,Exc_1,571525618,ME_Exc_13,Spiny_14,Exc_3,ME_Exc_13,Spiny_14,Inh_4
309,spiny,spiny,Chrna2-Cre_OE25,ME_Exc_7,Spiny_1,Inh_6,569821470,ME_Exc_13,Spiny_14,Exc_3,ME_Exc_13,Spiny_14,Inh_4
310,spiny,spiny,Chrna2-Cre_OE25,ME_Exc_7,Spiny_1,Inh_6,508285405,,,,,,
311,aspiny,aspiny,Chrna2-Cre_OE25,ME_Exc_7,Spiny_1,Exc_1,488386504,ME_Exc_13,Spiny_14,Inh_6,ME_Exc_13,Spiny_14,Inh_2
312,spiny,spiny,Chrna2-Cre_OE25,ME_Exc_7,Spiny_1,Inh_6,539661667,ME_Exc_13,Spiny_14,Inh_6,ME_Exc_13,Spiny_14,Inh_11
313,spiny,spiny,Chrna2-Cre_OE25,ME_Exc_7,Spiny_1,Inh_6,545188312,,,,,,
314,spiny,spiny,Chrna2-Cre_OE25,ME_Exc_7,Spiny_1,Inh_6,508309244,,,,,,
315,spiny,spiny,Chrna2-Cre_OE25,ME_Exc_7,Spiny_1,Inh_6,529979375,,,,,,
316,aspiny,aspiny,Chrna2-Cre_OE25,ME_Exc_7,Spiny_1,Inh_6,541536216,ME_Exc_13,Spiny_14,Inh_6,ME_Exc_13,Spiny_14,Inh_2
317,aspiny,aspiny,Chrna2-Cre_OE25,ME_Exc_7,Spiny_1,Inh_6,508381644,,,,,,
318,spiny,spiny,Chrna2-Cre_OE25,ME_Exc_7,Spiny_1,Inh_6,548421866,ME_Exc_13,Spiny_14,Inh_6,ME_Exc_13,Spiny_14,Inh_2
319,spiny,spiny,Chrna2-Cre_OE25,ME_Exc_7,Spiny_1,Inh_6,576113488,,,,,,
320,spiny,spiny,Chrna2-Cre_OE25,ME_Exc_7,Spiny_1,Exc_1,537204107,ME_Exc_13,Spiny_14,Inh_6,ME_Exc_13,Spiny_14,Inh_11
321,spiny,spiny,Chrna2-Cre_OE25,ME_Exc_7,Spiny_1,Inh_6,528611949,,,,,,
322,spiny,spiny,Chrna2-Cre_OE25,ME_Exc_7,Spiny_1,Inh_6,529877874,,,,,,
323,spiny,spiny,Chrna2-Cre_OE25,ME_Exc_7,Spiny_1,Inh_6,529822280,,,,,,
324,spiny,spiny,Chrna2-Cre_OE25,ME_Exc_7,Spiny_1,Inh_6,569823971,,,,,,
325,spiny,spiny,Chrna2-Cre_OE25,ME_Exc_7,Spiny_1,Inh_6,520454345,ME_Exc_13,Spiny_14,Inh_6,ME_Exc_13,Spiny_14,Inh_2
326,spiny,spiny,Chrna2-Cre_OE25,ME_Exc_7,Spiny_1,Inh_6,571450870,ME_Exc_13,Spiny_14,Inh_6,ME_Exc_13,Spiny_14,Inh_2
327,spiny,spiny,Chrna2-Cre_OE25,ME_Exc_7,Spiny_1,Exc_1,517693603,,,,,,
328,spiny,spiny,Chrna2-Cre_OE25,ME_Exc_7,Spiny_1,Exc_1,539560727,,,,,,
329,spiny,spiny,Chrna2-Cre_OE25,ME_Exc_7,Spiny_1,Inh_6,576101141,,,,,,
330,spiny,spiny,Chrna2-Cre_OE25,ME_Exc_7,Spiny_1,Inh_6,542141883,,,,,,
331,spiny,spiny,Chrna2-Cre_OE25,ME_Exc_7,Spiny_1,Inh_6,539561039,,,,,,
332,spiny,spiny,Chrna2-Cre_OE25,ME_Exc_7,Spiny_1,Inh_6,541562659,,,,,,
333,spiny,spiny,Chrna2-Cre_OE25,ME_Exc_7,Spiny_1,Inh_6,567736655,,,,,,
334,spiny,spiny,Chrna2-Cre_OE25,ME_Exc_7,Spiny_1,Inh_6,587776508,,,,,,
335,spiny,spiny,Chrna2-Cre_OE25,ME_Exc_7,Spiny_1,Exc_1,508387918,,,,,,
336,spiny,spiny,Chrna2-Cre_OE25,ME_Exc_7,Spiny_1,Inh_6,531517778,ME_Exc_13,Spiny_14,Exc_3,ME_Exc_13,Spiny_11,Inh_11
337,spiny,spiny,Chrna2-Cre_OE25,ME_Exc_7,Spiny_1,Exc_1,505689242,,,,,,
338,spiny,spiny,Chrna2-Cre_OE25,ME_Exc_7,Spiny_1,Inh_6,528758496,,,,,,
339,aspiny,aspiny,Chrna2-Cre_OE25,ME_Exc_7,Spiny_1,Exc_1,562380252,,,,,,
340,spiny,spiny,Chrna2-Cre_OE25,ME_Exc_7,Spiny_1,Inh_6,526800653,ME_Exc_13,Spiny_14,Exc_3,ME_Exc_13,Spiny_14,Inh_2
341,spiny,spiny,Chrna2-Cre_OE25,ME_Exc_7,Spiny_1,Inh_6,545206633,,,,,,
342,spiny,spiny,Chrna2-Cre_OE25,ME_Exc_7,Spiny_1,Inh_6,569818704,ME_Exc_13,Spiny_14,Exc_3,ME_Exc_13,Spiny_14,Inh_2
343,aspiny,spiny,Chrna2-Cre_OE25,ME_Exc_7,Spiny_1,Inh_6,558211203,ME_Exc_13,Spiny_14,Exc_3,ME_Exc_13,Spiny_14,Inh_4
344,spiny,spiny,Chrna2-Cre_OE25,ME_Exc_7,Spiny_1,Inh_6,528638213,,,,,,
345,spiny,spiny,Chrna2-Cre_OE25,ME_Exc_7,Spiny_1,Inh_6,508390609,,,,,,
346,spiny,spiny,Chrna2-Cre_OE25,ME_Exc_7,Spiny_1,Inh_6,613333217,,,,,,
347,spiny,spiny,Chrna2-Cre_OE25,ME_Exc_7,Spiny_1,Inh_6,488386431,,,,,,
348,spiny,spiny,Chrna2-Cre_OE25,ME_Exc_7,Spiny_1,Exc_1,508405843,ME_Exc_13,Spiny_14,Inh_6,ME_Exc_13,Spiny_14,Inh_2
349,spiny,spiny,Chrna2-Cre_OE25,ME_Exc_7,Spiny_1,Inh_6,545208779,,,,,,
350,spiny,spiny,Chrna2-Cre_OE25,ME_Exc_7,Spiny_1,Inh_6,528601797,,,,,,
351,spiny,spiny,Chrna2-Cre_OE25,ME_Exc_7,Spiny_1,Exc_1,528636794,ME_Exc_13,Spiny_14,Inh_6,ME_Exc_13,Spiny_14,Inh_2
352,spiny,spiny,Chrna2-Cre_OE25,ME_Exc_7,Spiny_1,Inh_6,592483575,,,,,,
353,aspiny,sparsely spiny,Chrna2-Cre_OE25,ME_Exc_7,Spiny_1,Exc_1,613476789,,,,,,
354,spiny,spiny,Chrna2-Cre_OE25,ME_Exc_7,Spiny_1,Inh_6,508305938,ME_Exc_13,Spiny_14,Inh_6,ME_Exc_13,Spiny_14,Inh_11
355,aspiny,aspiny,Chrna2-Cre_OE25,ME_Exc_7,Spiny_1,Exc_1,571483584,,,,,,
356,spiny,spiny,Chrna2-Cre_OE25,ME_Exc_7,Spiny_1,Inh_6,539571778,,,,,,
357,spiny,spiny,Chrna2-Cre_OE25,ME_Exc_7,Spiny_1,Inh_6,508280385,,,,,,
358,spiny,spiny,Chrna2-Cre_OE25,ME_Exc_7,Spiny_1,Inh_6,571485304,,,,,,
359,spiny,spiny,Chrna2-Cre_OE25,ME_Exc_7,Spiny_1,Inh_6,530062215,ME_Exc_13,Spiny_14,Exc_3,ME_Exc_13,Spiny_11,Inh_11
360,spiny,spiny,Chrna2-Cre_OE25,ME_Exc_7,Spiny_1,Inh_6,528623840,ME_Exc_13,Spiny_14,Inh_6,ME_Exc_13,Spiny_14,Inh_11
361,spiny,spiny,Chrna2-Cre_OE25,ME_Exc_7,Spiny_1,Inh_6,531529716,,,,,,
362,spiny,aspiny,Chrna2-Cre_OE25,ME_Exc_7,Spiny_1,Inh_6,527909293,,,,,,
363,aspiny,aspiny,Chrna2-Cre_OE25,ME_Exc_7,Spiny_1,Inh_6,571659461,ME_Exc_13,Spiny_14,Exc_3,ME_Exc_13,Spiny_14,Inh_4
364,spiny,spiny,Chrna2-Cre_OE25,ME_Exc_7,Spiny_1,Inh_6,508359535,,,,,,
365,spiny,spiny,Chrna2-Cre_OE25,ME_Exc_7,Spiny_1,Inh_6,527946361,,,,,,
366,spiny,spiny,Chrna2-Cre_OE25,ME_Exc_7,Spiny_1,Inh_6,528020422,,,,,,
367,spiny,spiny,Chrna2-Cre_OE25,ME_Exc_7,Spiny_1,Inh_6,531523518,,,,,,
368,spiny,spiny,Chrna2-Cre_OE25,ME_Exc_7,Spiny_1,Inh_6,488400701,,,,,,
369,spiny,spiny,Chrna2-Cre_OE25,ME_Exc_7,Spiny_1,Inh_6,505690787,,,,,,
370,spiny,spiny,Chrna2-Cre_OE25,ME_Exc_7,Spiny_1,Inh_6,508372969,,,,,,
371,spiny,aspiny,Chrna2-Cre_OE25,ME_Exc_7,Spiny_1,Inh_6,576120017,ME_Exc_13,Spiny_14,Exc_3,ME_Inh_22,Spiny_11,Inh_4
372,spiny,aspiny,Chrna2-Cre_OE25,ME_Exc_7,Spiny_1,Inh_6,569849591,,,,,,
373,spiny,spiny,Chrna2-Cre_OE25,ME_Exc_7,Spiny_1,Inh_6,548457754,ME_Exc_13,Spiny_14,Inh_6,ME_Exc_13,Spiny_14,Inh_11
374,spiny,spiny,Chrna2-Cre_OE25,ME_Exc_7,Spiny_1,Inh_6,541546139,,,,,,
375,spiny,spiny,Chrna2-Cre_OE25,ME_Exc_7,Spiny_1,Inh_6,561435279,ME_Exc_13,Spiny_14,Inh_6,ME_Exc_13,Spiny_14,Inh_2
376,spiny,spiny,Chrna2-Cre_OE25,ME_Exc_7,Spiny_1,Inh_6,528042185,ME_Exc_13,Spiny_14,Exc_3,ME_Exc_13,Spiny_14,Inh_2
377,spiny,spiny,Chrna2-Cre_OE25,ME_Exc_7,Spiny_1,Inh_6,528759382,,,,,,
378,aspiny,aspiny,Chrna2-Cre_OE25,ME_Exc_7,Spiny_1,Exc_1,527944264,,,,,,
379,spiny,spiny,Chrna2-Cre_OE25,ME_Exc_7,Spiny_1,Inh_6,548461580,,,,,,
380,spiny,sparsely spiny,Chrna2-Cre_OE25,ME_Exc_7,Spiny_1,Inh_6,571718621,ME_Exc_13,Spiny_14,Inh_6,ME_Exc_13,Spiny_14,Inh_2
381,aspiny,aspiny,Chrna2-Cre_OE25,ME_Exc_7,Spiny_15,Inh_5,601927090,ME_Exc_13,Spiny_14,Inh_6,ME_Exc_13,Spiny_14,Inh_4
382,spiny,spiny,Chrna2-Cre_OE25,ME_Exc_7,Spiny_1,Inh_6,542174958,,,,,,
383,spiny,spiny,Chrna2-Cre_OE25,ME_Exc_7,Spiny_1,Inh_6,489315599,,,,,,
384,spiny,spiny,Chrna2-Cre_OE25,ME_Exc_7,Spiny_1,Inh_6,539659702,,,,,,
385,spiny,spiny,Chrna2-Cre_OE25,ME_Exc_7,Spiny_1,Inh_6,537313600,ME_Exc_13,Spiny_14,Inh_6,ME_Exc_13,Spiny_14,Inh_11
386,spiny,spiny,Chrna2-Cre_OE25,ME_Exc_7,Spiny_1,Inh_6,562381210,ME_Exc_13,Spiny_14,Exc_3,ME_Exc_13,Spiny_14,Inh_4
387,spiny,spiny,Chrna2-Cre_OE25,ME_Exc_7,Spiny_1,Inh_6,613438337,,,,,,
388,aspiny,aspiny,Chrna2-Cre_OE25,ME_Exc_7,Spiny_1,Exc_1,561465305,ME_Exc_13,Spiny_14,Exc_3,ME_Exc_13,Spiny_14,Inh_4
389,spiny,spiny,Chrna2-Cre_OE25,ME_Exc_7,Spiny_1,Inh_6,508410761,ME_Exc_13,Spiny_14,Inh_6,ME_Exc_13,Spiny_14,Inh_11
390,spiny,spiny,Chrna2-Cre_OE25,ME_Exc_7,Spiny_1,Inh_6,548494556,ME_Exc_13,Spiny_14,Inh_6,ME_Exc_13,Spiny_14,Inh_2
391,spiny,spiny,Chrna2-Cre_OE25,ME_Exc_7,Spiny_1,Inh_6,614726150,,,,,,
392,spiny,spiny,Chrna2-Cre_OE25,ME_Exc_7,Spiny_1,Inh_6,529997668,,,,,,
393,spiny,spiny,Chrna2-Cre_OE25,ME_Exc_7,Spiny_1,Inh_6,576112128,,,,,,
394,aspiny,aspiny,Chrna2-Cre_OE25,ME_Exc_10,Spiny_15,Inh_5,596028822,ME_Exc_13,Spiny_14,Exc_3,ME_Exc_5,Spiny_14,Exc_2
395,spiny,sparsely spiny,Chrna2-Cre_OE25,ME_Exc_7,Spiny_1,Inh_6,561470292,,,,,,
396,spiny,spiny,Chrna2-Cre_OE25,ME_Exc_7,Spiny_1,Inh_6,528638057,ME_Exc_13,Spiny_14,Exc_3,ME_Exc_13,Spiny_11,Inh_2
397,aspiny,aspiny,Chrna2-Cre_OE25,ME_Exc_7,Spiny_1,Exc_1,539640410,ME_Exc_13,Spiny_14,Inh_6,ME_Exc_13,Spiny_14,Inh_2
398,aspiny,sparsely spiny,Chrna2-Cre_OE25,ME_Exc_5,Spiny_7,Inh_5,611598198,ME_Exc_13,Spiny_14,Exc_3,ME_Exc_5,Spiny_14,Inh_5
399,spiny,spiny,Chrna2-Cre_OE25,ME_Exc_7,Spiny_1,Inh_6,500955009,,,,,,
400,spiny,spiny,Chrna2-Cre_OE25,ME_Exc_7,Spiny_1,Inh_6,488707479,,,,,,
401,aspiny,aspiny,Chrna2-Cre_OE25,ME_Exc_7,Spiny_1,Exc_1,527898222,,,,,,
402,aspiny,aspiny,Chrna2-Cre_OE25,ME_Exc_7,Spiny_1,Exc_1,528002420,,,,,,
403,spiny,spiny,Chrna2-Cre_OE25,ME_Exc_7,Spiny_1,Inh_6,528019077,,,,,,
404,spiny,spiny,Chrna2-Cre_OE25,ME_Exc_7,Spiny_1,Inh_6,519832676,ME_Exc_13,Spiny_14,Inh_6,ME_Exc_13,Spiny_14,Inh_11
405,aspiny,aspiny,Chrna2-Cre_OE25,ME_Exc_7,Spiny_1,Exc_1,596020931,ME_Exc_13,Spiny_14,Inh_6,ME_Exc_13,Spiny_14,Inh_2
406,aspiny,aspiny,Chrna2-Cre_OE25,ME_Exc_7,Spiny_1,Inh_6,542142697,,,,,,
407,spiny,spiny,Chrna2-Cre_OE25,ME_Exc_7,Spiny_1,Inh_6,508420652,,,,,,
408,spiny,spiny,Chrna2-Cre_OE25,ME_Exc_7,Spiny_1,Inh_6,529863215,ME_Exc_13,Spiny_14,Exc_3,ME_Exc_13,Spiny_11,Inh_4
409,aspiny,aspiny,Chrna2-Cre_OE25,ME_Exc_7,Spiny_1,Exc_1,576084692,ME_Exc_13,Spiny_14,Exc_3,ME_Exc_13,Spiny_14,Inh_4
410,aspiny,aspiny,Chrna2-Cre_OE25,ME_Exc_7,Spiny_1,Exc_1,643575207,ME_Exc_13,Spiny_14,Inh_6,ME_Exc_13,Spiny_14,Inh_2
411,spiny,spiny,Chrna2-Cre_OE25,ME_Exc_7,Spiny_1,Inh_6,526785799,ME_Exc_13,Spiny_14,Inh_6,ME_Exc_13,Spiny_14,Inh_11
412,spiny,spiny,Chrna2-Cre_OE25,ME_Exc_7,Spiny_1,Inh_6,520462275,,,,,,
